account_key,account_id,customer_key,account_type,currency,balance,interest_rate_pct,account_status,opened_date
1,ACC-0001,221,Savings,EUR,14658.84,2.2,Active,2019-01-22
2,ACC-0002,793,Investment,GBP,13235.09,3.48,Active,2015-01-06
3,ACC-0003,743,Investment,NGN,457865.24,11.44,Active,2019-09-03
4,ACC-0004,2,Fixed Deposit,CAD,27563.96,5.05,Active,2022-03-05
5,ACC-0005,775,Investment,EUR,312086.3,8.65,Inactive,2019-09-09
6,ACC-0006,363,Loan,USD,-167349.61,5.7,Frozen,2016-03-03
7,ACC-0007,73,Fixed Deposit,NGN,53703.23,5.51,Inactive,2021-07-28
8,ACC-0008,206,Credit Card,CAD,-2033.51,23.26,Active,2018-02-27
9,ACC-0009,280,Current,GBP,33450.07,0.79,Active,2019-10-23
10,ACC-0010,220,Fixed Deposit,EUR,139453.85,5.38,Inactive,2018-06-23
11,ACC-0011,721,Current,NGN,88669.79,0.7,Active,2022-03-18
12,ACC-0012,422,Loan,NGN,-8996.04,15.42,Inactive,2015-03-18
13,ACC-0013,760,Loan,USD,-82724.7,10.51,Active,2022-10-10
14,ACC-0014,748,Savings,GBP,2735.13,1.74,Active,2022-07-07
15,ACC-0015,525,Loan,USD,-114712.3,16.1,Inactive,2023-11-25
16,ACC-0016,551,Credit Card,EUR,-10558.89,24.12,Active,2019-10-08
17,ACC-0017,236,Current,AUD,38113.28,0.65,Active,2015-06-12
18,ACC-0018,656,Loan,NGN,-175076.29,12.75,Active,2021-11-15
19,ACC-0019,212,Fixed Deposit,GBP,126747.66,8.19,Frozen,2021-03-21
20,ACC-0020,434,Credit Card,USD,-3530.01,16.93,Active,2018-03-20
21,ACC-0021,244,Savings,GBP,14116.66,4.9,Closed,2017-11-09
22,ACC-0022,741,Investment,USD,57819.12,7.95,Active,2020-11-03
23,ACC-0023,66,Credit Card,NGN,-1690.45,22.26,Active,2016-07-11
24,ACC-0024,561,Investment,GBP,258989.03,10.33,Active,2017-02-09
25,ACC-0025,118,Investment,NGN,347715.67,11.76,Active,2020-02-27
26,ACC-0026,520,Savings,USD,47615.9,2.32,Frozen,2018-09-03
27,ACC-0027,707,Fixed Deposit,GBP,142077.33,4.57,Active,2020-01-14
28,ACC-0028,782,Credit Card,GBP,-14820.46,18.74,Active,2023-05-28
29,ACC-0029,198,Investment,USD,357480.17,9.33,Active,2019-06-15
30,ACC-0030,100,Savings,CAD,11957.3,2.64,Active,2022-11-15
31,ACC-0031,638,Loan,NGN,-142575.9,15.43,Active,2016-07-11
32,ACC-0032,674,Loan,EUR,-54414.5,6.43,Inactive,2016-05-27
33,ACC-0033,200,Fixed Deposit,AUD,181989.56,7.19,Frozen,2017-05-16
34,ACC-0034,565,Loan,EUR,-170900.97,7.16,Active,2019-11-25
35,ACC-0035,446,Credit Card,EUR,-9356.81,17.22,Inactive,2022-05-25
36,ACC-0036,340,Investment,EUR,341112.78,4.13,Active,2018-12-13
37,ACC-0037,468,Fixed Deposit,NGN,146685.0,5.34,Active,2023-04-21
38,ACC-0038,419,Current,NGN,63891.37,0.22,Frozen,2018-01-22
39,ACC-0039,79,Savings,USD,37366.24,2.63,Active,2021-11-19
40,ACC-0040,318,Current,NGN,82020.34,0.15,Active,2015-03-26
41,ACC-0041,718,Current,NGN,78266.52,0.45,Active,2020-12-22
42,ACC-0042,619,Current,NGN,13425.8,0.17,Active,2017-07-16
43,ACC-0043,356,Credit Card,CAD,-6945.56,22.96,Active,2016-03-08
44,ACC-0044,616,Credit Card,CAD,-2777.21,16.9,Active,2016-04-16
45,ACC-0045,523,Savings,GBP,46606.67,3.27,Closed,2016-01-25
46,ACC-0046,486,Loan,EUR,-135084.17,15.08,Active,2020-11-06
47,ACC-0047,491,Fixed Deposit,NGN,69300.27,8.58,Inactive,2017-10-21
48,ACC-0048,215,Investment,NGN,87291.17,6.2,Active,2017-02-03
49,ACC-0049,355,Current,USD,44921.45,0.81,Inactive,2016-11-22
50,ACC-0050,653,Current,CAD,22807.6,0.53,Active,2022-09-27
51,ACC-0051,492,Fixed Deposit,EUR,50035.93,5.97,Active,2019-11-13
52,ACC-0052,618,Savings,NGN,36574.42,1.78,Active,2020-10-12
53,ACC-0053,675,Loan,USD,-88036.24,8.88,Active,2015-11-27
54,ACC-0054,791,Investment,USD,424230.21,5.2,Active,2016-02-23
55,ACC-0055,438,Credit Card,NGN,-7263.55,16.41,Closed,2022-12-10
56,ACC-0056,136,Current,CAD,60280.43,0.26,Active,2020-02-22
57,ACC-0057,782,Savings,EUR,47244.45,2.02,Active,2020-08-19
58,ACC-0058,618,Credit Card,AUD,-4927.47,17.42,Active,2023-07-17
59,ACC-0059,220,Investment,USD,24121.99,9.05,Active,2021-03-18
60,ACC-0060,651,Loan,EUR,-171269.38,6.62,Active,2020-03-03
61,ACC-0061,793,Investment,EUR,264631.8,3.91,Active,2022-05-09
62,ACC-0062,777,Fixed Deposit,NGN,51120.95,6.71,Active,2015-11-01
63,ACC-0063,623,Loan,NGN,-59929.78,7.8,Active,2020-02-22
64,ACC-0064,28,Investment,EUR,277543.51,11.02,Active,2019-01-14
65,ACC-0065,302,Current,AUD,75010.22,0.79,Active,2017-03-18
66,ACC-0066,560,Investment,USD,255078.34,6.43,Active,2023-06-02
67,ACC-0067,200,Loan,NGN,-5184.11,9.51,Active,2016-10-04
68,ACC-0068,377,Savings,EUR,26204.59,3.54,Closed,2020-03-17
69,ACC-0069,47,Loan,EUR,-147858.23,12.62,Active,2021-04-02
70,ACC-0070,378,Savings,NGN,26236.31,4.5,Inactive,2019-12-09
71,ACC-0071,153,Loan,EUR,-159956.74,17.65,Active,2020-07-19
72,ACC-0072,569,Credit Card,USD,-699.19,23.39,Active,2016-09-18
73,ACC-0073,472,Savings,USD,32375.05,2.27,Active,2019-06-17
74,ACC-0074,786,Loan,USD,-102044.55,8.23,Active,2023-05-15
75,ACC-0075,387,Savings,NGN,36196.84,4.19,Active,2023-07-28
76,ACC-0076,492,Credit Card,NGN,-12328.88,18.1,Active,2022-07-21
77,ACC-0077,270,Credit Card,CAD,-14402.63,23.89,Active,2018-01-05
78,ACC-0078,208,Savings,USD,30264.07,1.98,Active,2023-02-07
79,ACC-0079,222,Investment,GBP,416139.66,3.0,Active,2021-03-06
80,ACC-0080,97,Loan,CAD,-95510.99,15.39,Inactive,2017-12-03
81,ACC-0081,40,Credit Card,NGN,-4489.95,19.26,Active,2022-04-28
82,ACC-0082,298,Current,NGN,34723.87,0.25,Active,2022-12-20
83,ACC-0083,407,Fixed Deposit,NGN,13146.63,4.13,Active,2019-01-21
84,ACC-0084,126,Savings,GBP,6608.68,2.44,Active,2022-03-22
85,ACC-0085,468,Credit Card,CAD,-5305.65,18.4,Active,2017-12-05
86,ACC-0086,338,Investment,USD,281252.6,8.89,Closed,2015-09-25
87,ACC-0087,629,Loan,USD,-103276.67,15.04,Active,2022-06-01
88,ACC-0088,631,Fixed Deposit,NGN,30775.27,6.75,Active,2019-09-20
89,ACC-0089,395,Loan,AUD,-137776.63,15.62,Active,2023-10-16
90,ACC-0090,598,Current,USD,38705.31,0.95,Active,2022-12-12
91,ACC-0091,701,Credit Card,NGN,-10134.11,16.19,Active,2015-04-12
92,ACC-0092,418,Loan,GBP,-19164.71,12.13,Active,2022-12-15
93,ACC-0093,99,Savings,USD,27009.29,3.36,Active,2020-10-26
94,ACC-0094,411,Fixed Deposit,NGN,184404.75,6.08,Inactive,2022-05-04
95,ACC-0095,364,Loan,NGN,-103305.77,10.25,Active,2019-06-25
96,ACC-0096,286,Fixed Deposit,EUR,30101.06,4.36,Active,2018-01-20
97,ACC-0097,602,Current,NGN,73826.45,0.91,Frozen,2016-06-27
98,ACC-0098,341,Savings,USD,17567.2,4.74,Active,2022-12-21
99,ACC-0099,733,Investment,CAD,95574.15,5.18,Active,2021-07-17
100,ACC-0100,280,Current,CAD,65622.63,0.59,Closed,2022-06-11
101,ACC-0101,722,Credit Card,GBP,-8033.28,21.34,Inactive,2017-01-25
102,ACC-0102,175,Loan,NGN,-22668.47,8.47,Active,2015-06-01
103,ACC-0103,643,Loan,USD,-189871.05,8.55,Active,2020-11-17
104,ACC-0104,13,Current,EUR,51484.94,0.27,Active,2017-08-27
105,ACC-0105,110,Fixed Deposit,USD,160433.09,4.84,Active,2019-12-03
106,ACC-0106,431,Savings,CAD,12617.39,3.15,Active,2021-07-04
107,ACC-0107,687,Current,NGN,28917.71,0.59,Closed,2015-03-22
108,ACC-0108,511,Investment,NGN,303480.24,8.96,Active,2016-03-03
109,ACC-0109,176,Credit Card,NGN,-4537.3,24.74,Active,2021-10-20
110,ACC-0110,169,Savings,GBP,34015.64,4.39,Active,2015-01-12
111,ACC-0111,176,Credit Card,USD,-11623.22,19.43,Active,2020-11-13
112,ACC-0112,318,Savings,NGN,48061.51,3.42,Active,2020-10-05
113,ACC-0113,206,Fixed Deposit,NGN,5509.99,6.31,Active,2017-07-27
114,ACC-0114,288,Savings,EUR,31817.09,3.01,Active,2023-05-26
115,ACC-0115,710,Investment,NGN,494436.4,4.75,Closed,2021-02-25
116,ACC-0116,348,Current,NGN,15750.72,0.31,Closed,2023-03-24
117,ACC-0117,312,Loan,NGN,-27765.53,15.67,Active,2018-02-23
118,ACC-0118,331,Loan,NGN,-119097.03,15.72,Active,2022-11-27
119,ACC-0119,564,Investment,NGN,359472.05,3.4,Active,2018-12-14
120,ACC-0120,481,Credit Card,CAD,-6088.58,23.73,Active,2015-02-25
121,ACC-0121,733,Current,USD,27182.55,0.46,Active,2017-05-15
122,ACC-0122,323,Current,NGN,9848.76,0.66,Closed,2018-05-18
123,ACC-0123,503,Savings,CAD,45773.39,4.37,Active,2019-03-20
124,ACC-0124,581,Current,AUD,51277.62,0.77,Active,2021-03-23
125,ACC-0125,248,Investment,CAD,471599.14,4.15,Closed,2022-03-24
126,ACC-0126,522,Savings,NGN,36564.54,4.88,Active,2015-07-19
127,ACC-0127,371,Fixed Deposit,CAD,116970.34,4.86,Active,2015-12-27
128,ACC-0128,537,Fixed Deposit,CAD,37412.21,5.7,Active,2020-05-12
129,ACC-0129,453,Savings,USD,7802.9,1.67,Active,2019-03-26
130,ACC-0130,120,Fixed Deposit,USD,80864.52,6.53,Active,2021-11-04
131,ACC-0131,413,Credit Card,NGN,-4030.04,16.29,Active,2017-07-09
132,ACC-0132,275,Credit Card,NGN,-13501.92,19.77,Active,2023-07-09
133,ACC-0133,357,Savings,USD,17205.16,2.2,Active,2015-10-11
134,ACC-0134,137,Current,GBP,80828.74,0.88,Closed,2016-08-22
135,ACC-0135,410,Fixed Deposit,NGN,44647.43,4.01,Active,2016-03-14
136,ACC-0136,605,Investment,USD,367468.36,4.24,Active,2015-05-04
137,ACC-0137,639,Fixed Deposit,NGN,143686.4,5.99,Active,2015-02-22
138,ACC-0138,206,Credit Card,NGN,-3266.3,17.58,Active,2021-05-05
139,ACC-0139,718,Credit Card,GBP,-14636.85,15.81,Closed,2017-01-05
140,ACC-0140,784,Current,NGN,4753.54,0.54,Active,2020-04-17
141,ACC-0141,601,Loan,NGN,-130961.08,7.29,Active,2018-04-23
142,ACC-0142,310,Savings,USD,843.95,2.44,Active,2016-06-13
143,ACC-0143,44,Savings,GBP,8334.53,1.53,Active,2021-12-06
144,ACC-0144,61,Loan,USD,-13545.18,14.96,Active,2023-09-07
145,ACC-0145,683,Current,USD,49900.13,0.78,Active,2020-05-27
146,ACC-0146,708,Credit Card,GBP,-5501.58,18.01,Active,2021-10-17
147,ACC-0147,721,Credit Card,USD,-14238.87,17.75,Active,2019-01-18
148,ACC-0148,442,Credit Card,NGN,-13242.55,18.06,Active,2018-09-18
149,ACC-0149,675,Credit Card,EUR,-5238.62,21.23,Active,2015-05-01
150,ACC-0150,708,Current,USD,70343.62,0.54,Inactive,2022-04-09
151,ACC-0151,198,Current,NGN,43659.46,0.95,Active,2021-02-06
152,ACC-0152,550,Savings,USD,24271.43,1.85,Closed,2023-09-10
153,ACC-0153,500,Fixed Deposit,USD,103013.75,5.95,Frozen,2015-02-19
154,ACC-0154,279,Fixed Deposit,NGN,154723.6,7.96,Active,2018-09-27
155,ACC-0155,516,Fixed Deposit,EUR,9364.87,4.08,Inactive,2020-01-15
156,ACC-0156,205,Loan,USD,-196353.92,9.83,Active,2016-07-25
157,ACC-0157,719,Savings,EUR,3394.63,4.98,Inactive,2017-01-27
158,ACC-0158,682,Investment,GBP,94095.18,6.8,Active,2022-07-15
159,ACC-0159,110,Savings,USD,8178.22,2.36,Active,2018-01-09
160,ACC-0160,444,Fixed Deposit,USD,7215.52,5.97,Active,2017-04-08
161,ACC-0161,508,Loan,USD,-28919.02,15.17,Closed,2016-08-28
162,ACC-0162,779,Credit Card,CAD,-2362.47,21.65,Inactive,2018-01-18
163,ACC-0163,787,Loan,USD,-137980.9,17.16,Inactive,2021-07-24
164,ACC-0164,215,Investment,NGN,6753.44,8.44,Active,2020-08-08
165,ACC-0165,137,Fixed Deposit,EUR,80814.41,6.41,Active,2015-10-01
166,ACC-0166,282,Credit Card,GBP,-3447.6,16.49,Active,2020-01-20
167,ACC-0167,766,Loan,USD,-156930.27,8.69,Active,2021-01-19
168,ACC-0168,571,Investment,NGN,267452.54,8.16,Active,2022-09-01
169,ACC-0169,395,Credit Card,GBP,-10351.75,23.8,Active,2021-03-23
170,ACC-0170,758,Fixed Deposit,NGN,182205.82,7.77,Inactive,2023-01-08
171,ACC-0171,553,Savings,NGN,38217.64,4.94,Active,2017-01-09
172,ACC-0172,422,Credit Card,EUR,-911.44,15.46,Closed,2015-10-27
173,ACC-0173,761,Loan,NGN,-98498.13,9.17,Active,2023-05-22
174,ACC-0174,291,Credit Card,NGN,-3371.19,24.56,Frozen,2022-03-27
175,ACC-0175,323,Credit Card,USD,-53.72,18.23,Closed,2019-06-07
176,ACC-0176,269,Credit Card,GBP,-815.17,22.68,Active,2017-12-18
177,ACC-0177,250,Fixed Deposit,EUR,134314.13,6.95,Inactive,2019-02-28
178,ACC-0178,638,Loan,GBP,-164656.89,17.22,Active,2021-10-12
179,ACC-0179,271,Fixed Deposit,GBP,58742.29,8.39,Active,2019-06-17
180,ACC-0180,19,Loan,USD,-5781.4,12.77,Active,2019-03-24
181,ACC-0181,306,Loan,CAD,-177203.23,17.19,Active,2022-09-02
182,ACC-0182,454,Fixed Deposit,GBP,88545.94,7.26,Active,2022-08-10
183,ACC-0183,135,Credit Card,GBP,-2666.51,24.47,Active,2020-09-25
184,ACC-0184,445,Credit Card,CAD,-7157.37,21.62,Active,2021-01-09
185,ACC-0185,274,Savings,AUD,49938.64,2.12,Active,2020-03-05
186,ACC-0186,546,Investment,USD,22335.28,6.41,Active,2015-01-09
187,ACC-0187,370,Fixed Deposit,USD,194557.55,6.82,Active,2021-06-24
188,ACC-0188,205,Fixed Deposit,EUR,125654.41,4.01,Active,2022-09-13
189,ACC-0189,764,Credit Card,USD,-6048.63,19.28,Active,2023-04-17
190,ACC-0190,740,Current,EUR,14591.92,0.86,Inactive,2021-10-02
191,ACC-0191,106,Credit Card,GBP,-5287.69,17.33,Active,2018-03-24
192,ACC-0192,725,Fixed Deposit,GBP,119207.76,7.28,Active,2019-10-06
193,ACC-0193,789,Loan,GBP,-128150.34,12.1,Active,2019-10-16
194,ACC-0194,308,Investment,GBP,429319.18,8.89,Active,2018-10-24
195,ACC-0195,318,Fixed Deposit,NGN,171650.57,4.96,Active,2021-04-16
196,ACC-0196,128,Investment,USD,280610.27,11.17,Active,2022-10-10
197,ACC-0197,567,Fixed Deposit,EUR,96288.83,8.06,Active,2021-11-19
198,ACC-0198,703,Current,NGN,16576.7,0.96,Active,2023-04-03
199,ACC-0199,64,Credit Card,USD,-13161.31,22.93,Active,2019-08-09
200,ACC-0200,605,Credit Card,NGN,-4193.46,17.47,Active,2021-08-02
201,ACC-0201,231,Savings,NGN,38612.59,4.75,Active,2022-03-14
202,ACC-0202,314,Fixed Deposit,USD,31047.24,5.57,Active,2023-12-05
203,ACC-0203,395,Savings,NGN,17843.08,3.87,Active,2018-11-05
204,ACC-0204,727,Investment,NGN,79224.91,7.62,Active,2016-01-20
205,ACC-0205,376,Investment,USD,267481.27,8.96,Active,2022-09-09
206,ACC-0206,698,Credit Card,USD,-11645.6,20.5,Active,2017-08-28
207,ACC-0207,487,Loan,NGN,-114578.39,17.32,Active,2023-06-22
208,ACC-0208,498,Loan,NGN,-9035.32,16.42,Active,2018-05-17
209,ACC-0209,537,Savings,USD,44458.99,2.28,Closed,2021-01-20
210,ACC-0210,111,Savings,USD,27148.09,2.1,Active,2018-02-22
211,ACC-0211,283,Investment,USD,277032.34,7.42,Closed,2020-06-23
212,ACC-0212,472,Loan,CAD,-142531.53,15.79,Active,2021-12-09
213,ACC-0213,350,Loan,CAD,-176289.5,7.13,Active,2017-08-15
214,ACC-0214,99,Loan,CAD,-71545.73,10.4,Active,2017-09-15
215,ACC-0215,462,Investment,NGN,434064.76,6.98,Active,2018-05-24
216,ACC-0216,516,Fixed Deposit,USD,161146.73,4.2,Active,2017-09-08
217,ACC-0217,582,Investment,NGN,442303.34,4.76,Active,2020-05-23
218,ACC-0218,138,Investment,NGN,431801.02,10.06,Inactive,2023-01-14
219,ACC-0219,387,Investment,USD,308740.59,6.2,Active,2017-05-19
220,ACC-0220,454,Current,NGN,98689.81,0.13,Active,2023-11-03
221,ACC-0221,711,Investment,NGN,11821.07,8.87,Active,2018-10-26
222,ACC-0222,270,Loan,CAD,-86485.9,7.57,Active,2022-03-22
223,ACC-0223,662,Savings,EUR,14134.06,3.27,Active,2016-01-22
224,ACC-0224,554,Loan,EUR,-63893.26,7.73,Inactive,2020-02-24
225,ACC-0225,444,Loan,NGN,-40743.4,17.43,Active,2019-05-04
226,ACC-0226,469,Credit Card,CAD,-10109.44,20.66,Active,2021-05-22
227,ACC-0227,701,Investment,USD,59197.29,8.65,Active,2021-01-08
228,ACC-0228,749,Fixed Deposit,USD,55868.15,4.58,Active,2020-09-11
229,ACC-0229,132,Fixed Deposit,NGN,187314.54,7.79,Active,2021-10-03
230,ACC-0230,482,Fixed Deposit,USD,98105.9,6.96,Inactive,2020-10-16
231,ACC-0231,44,Loan,USD,-86068.09,10.81,Active,2016-04-04
232,ACC-0232,325,Credit Card,USD,-1057.31,20.63,Inactive,2016-10-02
233,ACC-0233,662,Savings,NGN,36608.05,4.82,Active,2019-07-01
234,ACC-0234,744,Current,NGN,70520.18,0.14,Active,2019-08-11
235,ACC-0235,787,Investment,EUR,133648.96,10.54,Active,2018-09-27
236,ACC-0236,216,Fixed Deposit,USD,91124.78,7.52,Active,2018-01-16
237,ACC-0237,269,Loan,USD,-95900.98,13.27,Active,2022-01-22
238,ACC-0238,587,Fixed Deposit,CAD,125296.69,6.55,Active,2016-08-11
239,ACC-0239,633,Savings,AUD,28173.67,4.34,Active,2015-06-21
240,ACC-0240,526,Savings,USD,20850.28,2.64,Active,2019-08-03
241,ACC-0241,754,Savings,NGN,32623.54,2.41,Active,2018-05-26
242,ACC-0242,172,Credit Card,EUR,-6160.37,15.25,Active,2017-06-09
243,ACC-0243,189,Current,NGN,44173.71,0.64,Inactive,2019-12-07
244,ACC-0244,246,Investment,NGN,97996.91,5.05,Active,2018-11-28
245,ACC-0245,675,Investment,EUR,100812.79,5.54,Closed,2021-01-18
246,ACC-0246,666,Savings,USD,42695.97,2.03,Active,2016-12-16
247,ACC-0247,268,Credit Card,GBP,-9598.23,16.33,Active,2020-02-09
248,ACC-0248,249,Loan,GBP,-168766.48,16.58,Active,2023-02-17
249,ACC-0249,147,Fixed Deposit,NGN,145864.2,7.31,Active,2019-02-06
250,ACC-0250,75,Savings,NGN,13558.94,2.25,Active,2020-07-14
251,ACC-0251,151,Current,USD,26850.41,0.35,Active,2022-10-01
252,ACC-0252,486,Investment,GBP,478631.55,4.16,Inactive,2016-12-28
253,ACC-0253,325,Current,USD,22254.23,0.53,Inactive,2018-01-27
254,ACC-0254,700,Investment,EUR,381475.11,7.76,Active,2017-09-03
255,ACC-0255,168,Fixed Deposit,GBP,160286.99,8.92,Closed,2020-10-06
256,ACC-0256,541,Credit Card,CAD,-7169.1,22.04,Inactive,2017-12-01
257,ACC-0257,648,Fixed Deposit,NGN,113936.88,6.27,Closed,2019-03-27
258,ACC-0258,200,Savings,USD,41906.04,2.74,Active,2015-05-09
259,ACC-0259,591,Current,GBP,1705.47,0.42,Active,2017-10-26
260,ACC-0260,408,Fixed Deposit,GBP,74595.31,6.58,Active,2016-09-16
261,ACC-0261,430,Savings,NGN,1940.55,3.91,Active,2022-09-26
262,ACC-0262,490,Fixed Deposit,NGN,190082.88,6.23,Active,2020-05-24
263,ACC-0263,586,Investment,USD,449074.11,3.31,Closed,2015-05-04
264,ACC-0264,596,Fixed Deposit,GBP,46488.04,5.25,Active,2019-04-05
265,ACC-0265,266,Fixed Deposit,AUD,108189.97,7.95,Active,2023-02-18
266,ACC-0266,563,Loan,USD,-165398.21,7.44,Inactive,2015-06-28
267,ACC-0267,359,Fixed Deposit,NGN,195263.0,7.16,Active,2018-03-03
268,ACC-0268,174,Credit Card,GBP,-13099.34,19.38,Active,2021-03-19
269,ACC-0269,798,Investment,GBP,346854.13,6.78,Active,2016-10-26
270,ACC-0270,754,Savings,USD,2698.44,4.79,Active,2015-08-25
271,ACC-0271,353,Current,GBP,57120.64,0.77,Active,2015-08-09
272,ACC-0272,390,Credit Card,EUR,-2978.55,24.78,Active,2020-07-19
273,ACC-0273,435,Credit Card,USD,-5331.58,24.61,Inactive,2022-03-05
274,ACC-0274,680,Fixed Deposit,USD,126955.02,7.27,Closed,2022-04-04
275,ACC-0275,231,Current,NGN,70866.78,0.15,Active,2021-09-22
276,ACC-0276,220,Investment,EUR,445093.66,3.54,Active,2016-07-02
277,ACC-0277,673,Savings,NGN,341.84,3.22,Active,2023-02-11
278,ACC-0278,583,Loan,GBP,-182831.51,6.66,Active,2015-03-04
279,ACC-0279,648,Loan,CAD,-59071.33,14.97,Active,2015-07-14
280,ACC-0280,122,Investment,USD,117204.52,10.71,Active,2021-05-03
281,ACC-0281,253,Fixed Deposit,USD,79073.64,7.88,Active,2018-05-11
282,ACC-0282,768,Investment,NGN,361045.43,6.43,Active,2018-07-26
283,ACC-0283,792,Credit Card,GBP,-9297.35,20.78,Active,2023-01-17
284,ACC-0284,174,Current,USD,10637.02,0.28,Active,2023-05-19
285,ACC-0285,254,Savings,USD,11856.6,4.06,Active,2015-10-27
286,ACC-0286,514,Credit Card,NGN,-10467.87,20.58,Active,2020-11-20
287,ACC-0287,21,Investment,NGN,434297.75,8.83,Active,2018-04-02
288,ACC-0288,722,Loan,NGN,-32026.13,5.03,Active,2023-07-28
289,ACC-0289,685,Investment,USD,352426.91,6.69,Active,2018-09-15
290,ACC-0290,596,Investment,NGN,35408.29,6.13,Closed,2017-03-19
291,ACC-0291,545,Fixed Deposit,GBP,114431.34,7.44,Active,2016-12-27
292,ACC-0292,499,Savings,NGN,25107.92,4.87,Active,2019-05-06
293,ACC-0293,798,Investment,GBP,112688.6,10.96,Closed,2022-11-15
294,ACC-0294,87,Current,GBP,60426.23,0.59,Closed,2023-11-24
295,ACC-0295,60,Investment,USD,258378.46,5.3,Active,2017-08-23
296,ACC-0296,480,Savings,NGN,5425.52,1.65,Frozen,2017-05-10
297,ACC-0297,566,Investment,USD,498703.04,7.64,Active,2023-08-25
298,ACC-0298,414,Credit Card,NGN,-11587.65,23.98,Active,2023-12-26
299,ACC-0299,298,Current,AUD,42337.27,0.17,Active,2017-12-19
300,ACC-0300,488,Loan,USD,-191007.77,10.52,Active,2015-09-21
301,ACC-0301,766,Loan,NGN,-67986.69,5.26,Inactive,2020-04-02
302,ACC-0302,447,Savings,CAD,34157.88,2.11,Active,2023-08-25
303,ACC-0303,337,Current,USD,97877.62,0.62,Active,2018-01-19
304,ACC-0304,269,Investment,USD,207329.28,9.52,Active,2019-06-28
305,ACC-0305,448,Fixed Deposit,EUR,153399.0,6.38,Active,2016-05-05
306,ACC-0306,717,Credit Card,AUD,-2058.92,16.73,Active,2016-08-16
307,ACC-0307,505,Current,CAD,24008.57,0.89,Inactive,2017-08-10
308,ACC-0308,633,Credit Card,GBP,-2482.66,20.98,Active,2015-01-02
309,ACC-0309,357,Savings,NGN,47138.34,2.11,Inactive,2019-06-05
310,ACC-0310,14,Fixed Deposit,CAD,30038.28,6.46,Active,2018-04-28
311,ACC-0311,408,Investment,EUR,80011.09,9.75,Active,2021-10-11
312,ACC-0312,340,Savings,USD,28688.09,3.3,Closed,2022-10-02
313,ACC-0313,590,Fixed Deposit,USD,193959.09,7.97,Active,2018-06-25
314,ACC-0314,633,Investment,USD,228257.18,11.97,Active,2016-06-02
315,ACC-0315,639,Loan,USD,-100949.48,7.35,Closed,2019-11-14
316,ACC-0316,767,Savings,USD,44426.85,3.95,Active,2023-04-02
317,ACC-0317,501,Savings,EUR,2457.98,3.49,Active,2017-12-14
318,ACC-0318,141,Current,NGN,68873.62,0.58,Inactive,2022-06-11
319,ACC-0319,633,Current,NGN,18687.96,0.75,Active,2017-09-04
320,ACC-0320,770,Savings,NGN,16333.48,1.59,Active,2019-07-04
321,ACC-0321,102,Fixed Deposit,USD,151956.82,7.36,Closed,2018-10-01
322,ACC-0322,761,Credit Card,CAD,-3471.96,16.21,Active,2015-10-16
323,ACC-0323,531,Fixed Deposit,AUD,158476.12,7.45,Active,2019-02-23
324,ACC-0324,287,Savings,GBP,25062.71,1.73,Active,2023-04-05
325,ACC-0325,206,Loan,NGN,-199241.29,10.07,Active,2016-11-26
326,ACC-0326,663,Loan,USD,-112287.08,14.24,Active,2018-03-21
327,ACC-0327,389,Savings,NGN,349.78,2.63,Active,2016-04-02
328,ACC-0328,180,Fixed Deposit,GBP,11649.19,7.6,Active,2021-11-19
329,ACC-0329,325,Current,EUR,86919.39,0.95,Active,2016-04-07
330,ACC-0330,320,Investment,NGN,447186.58,5.3,Active,2015-06-18
331,ACC-0331,537,Investment,CAD,407143.1,4.11,Active,2016-08-05
332,ACC-0332,555,Fixed Deposit,EUR,114565.15,8.99,Active,2017-09-14
333,ACC-0333,763,Savings,NGN,48094.88,3.86,Active,2016-06-09
334,ACC-0334,328,Savings,AUD,45106.03,4.91,Inactive,2016-12-26
335,ACC-0335,640,Savings,EUR,3981.25,2.44,Inactive,2022-01-21
336,ACC-0336,712,Fixed Deposit,GBP,146435.8,5.53,Active,2023-10-07
337,ACC-0337,110,Credit Card,NGN,-3289.01,17.51,Active,2016-01-03
338,ACC-0338,590,Fixed Deposit,USD,160579.8,6.13,Inactive,2019-08-22
339,ACC-0339,308,Loan,USD,-157865.75,17.71,Active,2017-10-20
340,ACC-0340,229,Credit Card,GBP,-11782.66,16.76,Active,2019-04-09
341,ACC-0341,249,Loan,GBP,-29449.11,7.25,Active,2020-03-01
342,ACC-0342,174,Investment,EUR,286893.01,3.88,Active,2015-05-24
343,ACC-0343,342,Savings,GBP,24787.59,3.6,Active,2020-06-26
344,ACC-0344,644,Investment,EUR,332108.32,11.03,Active,2017-03-03
345,ACC-0345,324,Investment,NGN,288125.88,7.86,Active,2019-04-09
346,ACC-0346,698,Loan,USD,-37415.68,15.89,Inactive,2015-07-23
347,ACC-0347,134,Credit Card,NGN,-5339.34,16.39,Frozen,2016-01-28
348,ACC-0348,315,Fixed Deposit,GBP,124911.29,5.96,Closed,2023-08-05
349,ACC-0349,500,Credit Card,NGN,-2859.82,21.11,Frozen,2018-05-11
350,ACC-0350,548,Credit Card,EUR,-13496.15,22.9,Active,2022-01-18
351,ACC-0351,761,Current,USD,59870.53,0.45,Active,2015-03-19
352,ACC-0352,499,Fixed Deposit,GBP,196821.66,4.28,Active,2019-07-19
353,ACC-0353,310,Investment,CAD,13946.45,4.25,Active,2023-07-13
354,ACC-0354,609,Fixed Deposit,NGN,160009.16,4.28,Active,2018-10-14
355,ACC-0355,637,Current,AUD,86527.96,0.6,Inactive,2020-11-03
356,ACC-0356,598,Current,NGN,36732.19,0.29,Active,2021-10-25
357,ACC-0357,678,Savings,USD,29389.64,2.7,Active,2016-05-22
358,ACC-0358,108,Investment,CAD,206463.03,11.47,Active,2023-04-10
359,ACC-0359,166,Loan,USD,-64382.14,13.38,Closed,2020-09-20
360,ACC-0360,586,Loan,NGN,-85971.71,6.88,Active,2021-10-19
361,ACC-0361,312,Credit Card,USD,-11933.33,20.14,Active,2017-08-06
362,ACC-0362,675,Investment,NGN,383216.62,7.86,Active,2019-10-08
363,ACC-0363,352,Savings,NGN,49482.23,1.93,Active,2015-05-24
364,ACC-0364,590,Fixed Deposit,NGN,62684.86,6.88,Active,2019-06-11
365,ACC-0365,548,Fixed Deposit,NGN,6748.44,8.88,Active,2016-06-18
366,ACC-0366,80,Credit Card,GBP,-6707.49,24.58,Active,2019-12-07
367,ACC-0367,684,Fixed Deposit,EUR,47562.57,6.58,Active,2022-11-01
368,ACC-0368,83,Loan,USD,-85664.56,13.31,Frozen,2019-02-18
369,ACC-0369,313,Investment,CAD,195435.75,11.84,Active,2022-02-25
370,ACC-0370,567,Current,USD,90945.12,0.82,Closed,2023-02-04
371,ACC-0371,671,Fixed Deposit,NGN,140168.08,4.62,Active,2021-11-08
372,ACC-0372,159,Current,NGN,95820.88,0.49,Active,2019-09-06
373,ACC-0373,76,Credit Card,EUR,-13538.72,20.08,Active,2022-06-05
374,ACC-0374,335,Investment,NGN,431357.29,6.81,Active,2021-11-25
375,ACC-0375,275,Fixed Deposit,NGN,184364.84,5.33,Frozen,2022-11-10
376,ACC-0376,217,Loan,CAD,-73269.23,15.88,Frozen,2018-09-03
377,ACC-0377,7,Current,USD,34772.93,0.32,Active,2018-05-04
378,ACC-0378,544,Current,USD,54521.84,1.0,Active,2015-04-21
379,ACC-0379,135,Fixed Deposit,USD,71718.57,4.94,Active,2021-04-10
380,ACC-0380,46,Investment,USD,300274.74,11.98,Inactive,2023-05-07
381,ACC-0381,161,Loan,USD,-54279.83,11.86,Active,2021-02-09
382,ACC-0382,530,Loan,GBP,-161777.72,6.15,Active,2021-12-13
383,ACC-0383,57,Current,USD,19582.39,0.1,Closed,2021-09-04
384,ACC-0384,379,Current,EUR,77557.29,0.55,Active,2017-04-10
385,ACC-0385,773,Loan,AUD,-114830.58,12.99,Closed,2023-06-07
386,ACC-0386,369,Savings,NGN,20153.89,2.33,Active,2017-01-24
387,ACC-0387,6,Credit Card,NGN,-9950.87,18.63,Active,2023-06-05
388,ACC-0388,477,Fixed Deposit,EUR,154149.97,6.11,Active,2017-03-06
389,ACC-0389,774,Loan,NGN,-112932.2,17.89,Inactive,2021-08-04
390,ACC-0390,514,Investment,GBP,414913.35,4.59,Active,2020-03-26
391,ACC-0391,530,Current,USD,18269.59,0.19,Frozen,2021-02-14
392,ACC-0392,692,Investment,CAD,403427.61,6.41,Closed,2017-12-28
393,ACC-0393,41,Current,NGN,50383.89,0.64,Active,2021-03-04
394,ACC-0394,517,Investment,USD,109705.64,3.39,Active,2020-12-08
395,ACC-0395,560,Credit Card,USD,-9708.15,23.29,Closed,2015-09-21
396,ACC-0396,227,Investment,CAD,268595.03,3.22,Active,2017-02-07
397,ACC-0397,689,Credit Card,NGN,-11323.22,19.6,Active,2020-03-15
398,ACC-0398,652,Investment,NGN,214276.87,5.21,Inactive,2015-02-18
399,ACC-0399,88,Investment,USD,63633.63,10.43,Active,2019-11-04
400,ACC-0400,680,Credit Card,USD,-13949.09,20.58,Active,2019-09-09
401,ACC-0401,680,Savings,NGN,33915.85,1.75,Active,2015-02-23
402,ACC-0402,145,Fixed Deposit,CAD,144465.82,5.75,Active,2018-02-18
403,ACC-0403,800,Savings,CAD,29162.17,3.83,Active,2015-12-03
404,ACC-0404,41,Fixed Deposit,USD,53822.2,5.2,Closed,2019-05-16
405,ACC-0405,727,Loan,NGN,-197493.4,8.88,Inactive,2021-06-12
406,ACC-0406,749,Current,CAD,46923.35,0.43,Active,2019-07-09
407,ACC-0407,213,Savings,CAD,48093.44,3.49,Active,2022-11-15
408,ACC-0408,14,Loan,NGN,-141556.63,9.36,Active,2017-07-22
409,ACC-0409,751,Fixed Deposit,AUD,12297.25,6.07,Active,2017-06-12
410,ACC-0410,304,Investment,NGN,460258.96,7.72,Active,2017-11-02
411,ACC-0411,304,Investment,NGN,59344.85,7.59,Active,2023-07-17
412,ACC-0412,20,Savings,AUD,5094.2,4.31,Frozen,2016-10-21
413,ACC-0413,769,Loan,CAD,-92020.48,12.57,Active,2022-02-18
414,ACC-0414,792,Loan,NGN,-162248.21,6.27,Inactive,2023-08-03
415,ACC-0415,295,Current,NGN,30819.93,0.36,Inactive,2017-10-03
416,ACC-0416,187,Credit Card,USD,-1031.5,22.76,Frozen,2019-11-17
417,ACC-0417,787,Fixed Deposit,GBP,178024.99,6.2,Active,2018-04-20
418,ACC-0418,622,Savings,NGN,42138.6,4.48,Active,2019-12-15
419,ACC-0419,650,Fixed Deposit,CAD,94769.17,5.19,Active,2018-03-04
420,ACC-0420,355,Credit Card,NGN,-9215.01,20.4,Active,2016-06-08
421,ACC-0421,290,Investment,CAD,130436.82,8.28,Active,2017-07-26
422,ACC-0422,421,Investment,NGN,213021.92,8.91,Inactive,2019-08-06
423,ACC-0423,519,Credit Card,GBP,-10725.64,23.95,Active,2022-03-19
424,ACC-0424,313,Savings,USD,829.13,3.97,Closed,2023-11-04
425,ACC-0425,361,Current,CAD,1747.78,0.42,Active,2018-01-22
426,ACC-0426,379,Fixed Deposit,USD,197996.86,8.48,Active,2021-03-01
427,ACC-0427,730,Investment,USD,97360.08,9.61,Active,2019-07-06
428,ACC-0428,316,Current,USD,59532.77,0.63,Closed,2017-01-01
429,ACC-0429,51,Fixed Deposit,USD,77268.56,7.04,Active,2016-02-10
430,ACC-0430,66,Credit Card,EUR,-2968.09,24.49,Inactive,2015-11-08
431,ACC-0431,186,Savings,AUD,2389.98,4.39,Active,2020-12-09
432,ACC-0432,340,Savings,USD,4179.64,2.26,Closed,2020-12-14
433,ACC-0433,649,Fixed Deposit,CAD,6739.96,4.72,Frozen,2020-02-28
434,ACC-0434,114,Current,CAD,85917.64,0.71,Inactive,2019-05-11
435,ACC-0435,262,Current,USD,91656.77,0.29,Active,2019-01-17
436,ACC-0436,371,Investment,USD,39109.24,4.19,Active,2021-01-17
437,ACC-0437,471,Savings,USD,49447.44,3.77,Active,2015-12-18
438,ACC-0438,238,Loan,NGN,-27004.06,5.64,Closed,2017-09-18
439,ACC-0439,245,Credit Card,NGN,-5195.62,19.51,Active,2017-08-17
440,ACC-0440,777,Investment,NGN,324210.96,7.29,Active,2020-10-18
441,ACC-0441,196,Loan,USD,-86612.89,7.65,Active,2021-03-05
442,ACC-0442,308,Investment,USD,207306.78,10.5,Inactive,2016-01-24
443,ACC-0443,392,Investment,CAD,274424.18,3.41,Active,2017-06-11
444,ACC-0444,37,Credit Card,NGN,-13618.28,22.37,Frozen,2015-08-19
445,ACC-0445,453,Current,NGN,42181.03,0.73,Active,2018-06-24
446,ACC-0446,207,Loan,NGN,-121860.01,6.02,Frozen,2022-11-17
447,ACC-0447,697,Investment,NGN,482074.38,7.57,Active,2018-04-26
448,ACC-0448,596,Current,USD,50217.22,0.25,Active,2021-12-12
449,ACC-0449,384,Credit Card,GBP,-6201.98,19.61,Active,2022-07-12
450,ACC-0450,594,Credit Card,NGN,-5884.87,18.21,Closed,2018-04-03
451,ACC-0451,664,Savings,USD,3785.97,4.52,Active,2020-09-28
452,ACC-0452,715,Credit Card,USD,-11480.83,22.23,Active,2016-06-27
453,ACC-0453,418,Investment,USD,17652.46,9.11,Frozen,2017-05-28
454,ACC-0454,396,Investment,NGN,272130.73,8.92,Active,2021-03-28
455,ACC-0455,563,Loan,USD,-79455.75,6.99,Closed,2015-12-16
456,ACC-0456,546,Loan,CAD,-83281.59,17.13,Active,2020-03-15
457,ACC-0457,451,Credit Card,USD,-11017.18,22.98,Inactive,2021-06-23
458,ACC-0458,14,Current,GBP,57942.54,0.17,Active,2019-08-13
459,ACC-0459,268,Fixed Deposit,USD,179045.49,8.11,Active,2020-01-19
460,ACC-0460,636,Fixed Deposit,GBP,184664.07,6.74,Active,2022-12-09
461,ACC-0461,114,Loan,EUR,-91507.87,15.22,Active,2019-10-08
462,ACC-0462,155,Current,GBP,95815.48,0.98,Active,2020-04-04
463,ACC-0463,611,Fixed Deposit,AUD,141746.52,7.07,Active,2019-02-26
464,ACC-0464,312,Investment,EUR,325421.16,7.19,Active,2021-12-20
465,ACC-0465,279,Loan,NGN,-90906.31,14.16,Active,2016-06-02
466,ACC-0466,312,Investment,AUD,380763.92,6.71,Active,2023-12-14
467,ACC-0467,117,Current,NGN,71602.74,0.72,Active,2022-03-04
468,ACC-0468,699,Savings,USD,5281.09,3.08,Active,2019-08-12
469,ACC-0469,48,Savings,USD,30570.55,2.1,Active,2019-04-13
470,ACC-0470,121,Savings,EUR,48378.06,3.73,Active,2019-09-04
471,ACC-0471,497,Loan,USD,-10147.61,15.16,Active,2018-12-07
472,ACC-0472,447,Loan,USD,-98373.4,8.0,Active,2020-02-17
473,ACC-0473,404,Fixed Deposit,NGN,38585.38,7.47,Closed,2019-04-08
474,ACC-0474,586,Savings,GBP,49999.01,3.84,Active,2020-09-03
475,ACC-0475,693,Savings,NGN,46858.36,4.47,Active,2021-08-26
476,ACC-0476,410,Savings,CAD,5504.39,4.04,Active,2018-02-14
477,ACC-0477,419,Loan,EUR,-195911.31,11.81,Active,2015-08-10
478,ACC-0478,64,Current,USD,4079.38,0.5,Active,2018-11-24
479,ACC-0479,473,Loan,AUD,-23429.59,16.67,Active,2019-11-08
480,ACC-0480,645,Savings,NGN,39630.29,3.42,Active,2022-12-22
481,ACC-0481,706,Investment,CAD,272596.76,11.36,Active,2018-10-11
482,ACC-0482,703,Savings,USD,21998.06,1.7,Active,2019-01-16
483,ACC-0483,639,Investment,NGN,434101.06,10.27,Inactive,2019-04-03
484,ACC-0484,707,Credit Card,GBP,-10456.26,18.38,Active,2017-07-19
485,ACC-0485,582,Credit Card,CAD,-7976.72,15.97,Frozen,2018-01-17
486,ACC-0486,244,Loan,CAD,-124090.34,5.32,Frozen,2019-03-04
487,ACC-0487,460,Savings,NGN,5204.6,1.54,Inactive,2021-07-22
488,ACC-0488,250,Credit Card,CAD,-12216.2,23.66,Inactive,2022-07-21
489,ACC-0489,102,Credit Card,GBP,-7211.41,23.23,Active,2015-10-01
490,ACC-0490,674,Credit Card,USD,-230.52,18.27,Closed,2015-12-04
491,ACC-0491,783,Savings,CAD,33262.92,2.86,Closed,2017-04-19
492,ACC-0492,262,Credit Card,EUR,-2635.04,22.17,Inactive,2015-05-10
493,ACC-0493,643,Investment,USD,484082.42,5.79,Active,2018-04-23
494,ACC-0494,490,Credit Card,USD,-6731.87,24.37,Closed,2019-09-18
495,ACC-0495,577,Credit Card,NGN,-2497.02,23.98,Active,2015-01-09
496,ACC-0496,703,Current,GBP,90721.99,0.36,Active,2023-12-13
497,ACC-0497,321,Credit Card,NGN,-13917.96,24.69,Active,2023-04-25
498,ACC-0498,124,Credit Card,USD,-11027.57,24.24,Active,2019-11-12
499,ACC-0499,535,Fixed Deposit,NGN,170024.19,4.05,Active,2016-06-21
500,ACC-0500,392,Credit Card,USD,-11370.57,15.01,Active,2022-08-13
501,ACC-0501,658,Credit Card,EUR,-9252.31,16.31,Closed,2021-01-07
502,ACC-0502,249,Fixed Deposit,NGN,123062.31,6.41,Active,2016-07-21
503,ACC-0503,276,Credit Card,USD,-2832.46,20.99,Active,2023-05-08
504,ACC-0504,757,Savings,USD,28352.89,4.52,Active,2019-06-28
505,ACC-0505,745,Current,NGN,40978.62,0.82,Active,2019-09-26
506,ACC-0506,470,Fixed Deposit,NGN,71825.54,5.41,Inactive,2022-12-03
507,ACC-0507,753,Savings,CAD,26600.73,2.6,Active,2018-12-14
508,ACC-0508,249,Credit Card,GBP,-4461.98,16.11,Closed,2019-03-24
509,ACC-0509,209,Credit Card,NGN,-4859.0,19.71,Active,2019-09-05
510,ACC-0510,324,Loan,NGN,-182448.31,14.81,Active,2015-12-04
511,ACC-0511,452,Savings,GBP,7045.59,3.71,Active,2020-08-18
512,ACC-0512,221,Credit Card,USD,-12644.67,15.87,Active,2020-11-25
513,ACC-0513,462,Savings,NGN,34104.83,2.69,Active,2022-10-14
514,ACC-0514,264,Investment,NGN,208021.93,8.52,Active,2023-02-21
515,ACC-0515,18,Fixed Deposit,EUR,40995.93,5.92,Inactive,2020-12-14
516,ACC-0516,19,Current,CAD,74147.98,0.71,Active,2018-10-13
517,ACC-0517,337,Credit Card,USD,-11436.47,16.73,Closed,2020-11-10
518,ACC-0518,785,Investment,GBP,385873.62,7.52,Active,2015-06-01
519,ACC-0519,266,Investment,USD,343188.47,8.98,Active,2015-02-19
520,ACC-0520,427,Fixed Deposit,NGN,22711.54,6.38,Active,2022-09-03
521,ACC-0521,595,Savings,NGN,14336.02,4.11,Active,2015-12-01
522,ACC-0522,129,Investment,CAD,310323.15,10.45,Inactive,2020-06-07
523,ACC-0523,649,Credit Card,NGN,-3724.01,16.96,Active,2022-05-16
524,ACC-0524,740,Loan,NGN,-6347.88,13.39,Active,2017-05-09
525,ACC-0525,585,Credit Card,USD,-10919.48,15.34,Active,2019-09-28
526,ACC-0526,258,Loan,USD,-170458.82,15.97,Closed,2016-12-28
527,ACC-0527,627,Investment,CAD,407171.8,9.84,Active,2021-01-09
528,ACC-0528,30,Current,NGN,56253.09,0.9,Inactive,2015-02-06
529,ACC-0529,195,Loan,CAD,-153760.09,8.92,Active,2020-01-02
530,ACC-0530,269,Loan,USD,-145553.76,16.37,Active,2018-11-13
531,ACC-0531,632,Fixed Deposit,CAD,167278.64,4.7,Active,2023-03-21
532,ACC-0532,41,Savings,GBP,31692.47,3.45,Closed,2017-11-23
533,ACC-0533,644,Loan,GBP,-150969.68,12.69,Active,2022-10-15
534,ACC-0534,425,Fixed Deposit,GBP,105628.27,5.98,Active,2017-08-25
535,ACC-0535,79,Credit Card,EUR,-14506.77,23.02,Closed,2022-04-08
536,ACC-0536,733,Current,AUD,18870.62,0.58,Active,2023-11-19
537,ACC-0537,691,Savings,CAD,21413.51,3.34,Frozen,2018-02-27
538,ACC-0538,252,Loan,NGN,-154292.08,17.62,Active,2021-12-07
539,ACC-0539,42,Investment,USD,493014.92,4.16,Inactive,2023-08-26
540,ACC-0540,487,Savings,NGN,35385.21,2.53,Active,2015-08-01
541,ACC-0541,241,Fixed Deposit,NGN,145268.09,4.11,Active,2018-03-27
542,ACC-0542,700,Investment,EUR,462950.72,10.45,Frozen,2020-11-19
543,ACC-0543,211,Credit Card,CAD,-1497.5,17.83,Active,2021-10-04
544,ACC-0544,600,Loan,USD,-129308.15,10.66,Active,2022-11-14
545,ACC-0545,439,Current,USD,91631.68,0.14,Active,2015-11-06
546,ACC-0546,420,Current,EUR,59454.04,0.64,Active,2017-06-04
547,ACC-0547,78,Savings,GBP,40724.67,1.85,Active,2021-02-07
548,ACC-0548,411,Savings,USD,3672.29,1.64,Active,2016-10-14
549,ACC-0549,400,Credit Card,NGN,-10202.23,24.77,Active,2018-02-06
550,ACC-0550,425,Credit Card,NGN,-13391.05,23.04,Active,2020-11-24
551,ACC-0551,510,Savings,NGN,30453.5,4.27,Active,2018-02-24
552,ACC-0552,94,Loan,GBP,-31106.84,6.56,Closed,2016-06-19
553,ACC-0553,672,Loan,AUD,-148313.91,8.14,Active,2020-03-03
554,ACC-0554,471,Investment,GBP,424300.91,5.47,Active,2015-07-02
555,ACC-0555,751,Fixed Deposit,GBP,123529.63,8.35,Active,2018-01-16
556,ACC-0556,214,Current,GBP,55265.94,0.2,Active,2018-02-15
557,ACC-0557,578,Credit Card,NGN,-9089.93,15.32,Active,2018-08-16
558,ACC-0558,454,Investment,EUR,85174.56,6.7,Active,2021-10-03
559,ACC-0559,298,Credit Card,USD,-5827.88,21.82,Active,2023-09-04
560,ACC-0560,633,Fixed Deposit,AUD,25386.09,7.11,Active,2019-11-08
561,ACC-0561,62,Savings,NGN,35541.3,3.68,Active,2023-04-12
562,ACC-0562,297,Current,USD,11170.88,0.88,Active,2017-05-11
563,ACC-0563,270,Savings,USD,763.23,1.92,Active,2019-05-21
564,ACC-0564,731,Credit Card,USD,-4861.09,22.02,Active,2019-06-15
565,ACC-0565,145,Credit Card,USD,-13478.8,22.07,Closed,2018-04-10
566,ACC-0566,588,Savings,EUR,32796.46,2.89,Inactive,2016-12-10
567,ACC-0567,260,Current,NGN,85884.07,0.24,Closed,2022-06-07
568,ACC-0568,262,Credit Card,GBP,-5786.74,24.39,Inactive,2017-10-23
569,ACC-0569,106,Credit Card,USD,-3600.31,17.49,Active,2018-06-18
570,ACC-0570,405,Investment,USD,148560.51,7.55,Active,2021-03-07
571,ACC-0571,667,Fixed Deposit,USD,151411.84,6.06,Active,2016-01-01
572,ACC-0572,109,Current,NGN,70481.61,0.6,Closed,2022-04-27
573,ACC-0573,621,Loan,USD,-136474.24,8.05,Inactive,2017-01-09
574,ACC-0574,476,Loan,USD,-29240.87,16.69,Inactive,2019-03-23
575,ACC-0575,146,Savings,USD,24727.51,2.32,Active,2017-12-17
576,ACC-0576,353,Fixed Deposit,GBP,191343.65,7.78,Active,2019-04-01
577,ACC-0577,145,Current,AUD,48620.85,0.83,Active,2020-04-01
578,ACC-0578,251,Loan,NGN,-39064.17,12.54,Active,2018-12-19
579,ACC-0579,161,Fixed Deposit,USD,192368.15,5.0,Active,2017-04-08
580,ACC-0580,398,Current,EUR,46908.89,0.99,Frozen,2021-08-07
581,ACC-0581,675,Fixed Deposit,NGN,95200.94,5.28,Closed,2021-11-26
582,ACC-0582,556,Credit Card,EUR,-8186.7,22.65,Inactive,2016-05-14
583,ACC-0583,693,Loan,GBP,-68501.89,16.78,Active,2019-03-19
584,ACC-0584,446,Loan,NGN,-11715.7,5.92,Active,2023-10-04
585,ACC-0585,502,Investment,NGN,147005.07,5.44,Active,2023-10-28
586,ACC-0586,440,Loan,USD,-65725.16,16.32,Active,2017-07-14
587,ACC-0587,174,Investment,USD,178534.6,9.09,Active,2017-10-03
588,ACC-0588,222,Loan,USD,-185224.94,7.88,Inactive,2015-09-23
589,ACC-0589,628,Credit Card,NGN,-2639.96,15.78,Active,2020-06-19
590,ACC-0590,738,Credit Card,NGN,-11005.4,24.04,Active,2019-07-17
591,ACC-0591,466,Loan,USD,-99796.94,13.91,Active,2017-09-07
592,ACC-0592,165,Fixed Deposit,USD,79198.73,6.01,Inactive,2019-12-08
593,ACC-0593,522,Savings,NGN,24078.56,4.81,Active,2015-10-05
594,ACC-0594,288,Loan,CAD,-121316.48,9.62,Active,2016-11-24
595,ACC-0595,128,Savings,EUR,787.39,4.36,Active,2020-03-02
596,ACC-0596,290,Investment,CAD,216967.02,4.16,Inactive,2019-05-21
597,ACC-0597,668,Loan,NGN,-167815.62,11.58,Active,2023-01-19
598,ACC-0598,540,Fixed Deposit,AUD,171003.19,4.22,Closed,2018-07-09
599,ACC-0599,227,Investment,USD,486515.69,7.85,Active,2019-10-25
600,ACC-0600,245,Savings,CAD,44049.56,3.8,Active,2021-02-14
601,ACC-0601,613,Investment,EUR,107861.18,5.55,Active,2022-06-06
602,ACC-0602,20,Investment,NGN,497377.85,4.54,Closed,2017-10-02
603,ACC-0603,7,Savings,NGN,23270.87,2.38,Active,2018-02-22
604,ACC-0604,506,Current,EUR,95632.58,0.28,Active,2018-01-05
605,ACC-0605,290,Investment,NGN,334950.55,11.71,Active,2022-03-20
606,ACC-0606,337,Fixed Deposit,GBP,5402.71,4.67,Active,2016-03-24
607,ACC-0607,270,Investment,USD,215383.15,7.09,Active,2018-12-11
608,ACC-0608,61,Current,USD,36499.82,0.75,Frozen,2019-09-07
609,ACC-0609,406,Loan,USD,-118615.14,6.67,Inactive,2016-05-08
610,ACC-0610,600,Current,EUR,700.28,0.24,Active,2021-05-08
611,ACC-0611,281,Credit Card,EUR,-4150.87,22.89,Active,2015-07-13
612,ACC-0612,460,Savings,CAD,6760.67,3.0,Inactive,2023-01-14
613,ACC-0613,178,Credit Card,GBP,-4321.37,22.78,Active,2022-08-17
614,ACC-0614,625,Current,CAD,1190.71,0.16,Closed,2017-07-21
615,ACC-0615,48,Credit Card,USD,-874.22,24.4,Closed,2018-10-02
616,ACC-0616,263,Current,USD,1666.05,0.4,Active,2017-07-28
617,ACC-0617,558,Savings,CAD,11282.23,3.62,Inactive,2022-08-10
618,ACC-0618,90,Credit Card,USD,-3941.85,19.44,Active,2017-05-15
619,ACC-0619,295,Credit Card,NGN,-8087.5,15.77,Active,2022-10-01
620,ACC-0620,768,Current,GBP,15487.83,0.33,Active,2022-02-19
621,ACC-0621,53,Fixed Deposit,EUR,188404.78,4.84,Active,2019-06-21
622,ACC-0622,61,Credit Card,NGN,-5212.42,19.63,Active,2018-06-08
623,ACC-0623,277,Fixed Deposit,USD,158822.33,4.62,Inactive,2019-09-19
624,ACC-0624,545,Loan,GBP,-108456.5,17.29,Inactive,2017-04-22
625,ACC-0625,379,Current,USD,50446.57,0.56,Frozen,2016-12-11
626,ACC-0626,226,Fixed Deposit,GBP,149987.57,5.5,Closed,2020-08-26
627,ACC-0627,142,Savings,EUR,9177.76,4.64,Inactive,2019-09-18
628,ACC-0628,152,Credit Card,NGN,-7582.39,16.48,Active,2018-11-10
629,ACC-0629,423,Loan,AUD,-43930.27,10.94,Inactive,2022-11-11
630,ACC-0630,20,Loan,EUR,-149173.64,12.39,Inactive,2019-01-28
631,ACC-0631,15,Current,USD,77854.2,0.39,Active,2022-12-27
632,ACC-0632,397,Loan,GBP,-141072.4,7.99,Active,2021-03-17
633,ACC-0633,433,Credit Card,NGN,-8453.98,22.41,Closed,2015-11-26
634,ACC-0634,797,Fixed Deposit,CAD,160243.88,7.65,Active,2019-11-10
635,ACC-0635,506,Fixed Deposit,EUR,123856.0,5.76,Active,2021-08-20
636,ACC-0636,240,Loan,NGN,-84057.91,7.75,Active,2017-09-07
637,ACC-0637,628,Investment,USD,275961.2,4.93,Inactive,2018-04-23
638,ACC-0638,574,Savings,GBP,36882.34,2.85,Active,2016-02-16
639,ACC-0639,245,Credit Card,NGN,-3536.06,19.24,Inactive,2022-08-26
640,ACC-0640,207,Savings,CAD,1825.25,4.83,Active,2021-06-08
641,ACC-0641,718,Credit Card,USD,-13013.17,15.44,Closed,2020-08-10
642,ACC-0642,56,Investment,USD,407995.75,5.73,Active,2019-10-13
643,ACC-0643,658,Current,CAD,95476.95,0.24,Active,2020-09-09
644,ACC-0644,127,Investment,NGN,156360.02,8.97,Active,2015-10-27
645,ACC-0645,60,Credit Card,GBP,-11323.2,24.13,Active,2019-01-16
646,ACC-0646,549,Credit Card,EUR,-13036.85,17.26,Active,2015-04-01
647,ACC-0647,489,Savings,GBP,34170.31,4.93,Frozen,2021-03-21
648,ACC-0648,101,Credit Card,GBP,-8567.78,24.58,Active,2016-05-13
649,ACC-0649,625,Investment,USD,227112.18,3.75,Active,2016-03-13
650,ACC-0650,240,Fixed Deposit,EUR,138537.27,5.71,Active,2021-02-02
651,ACC-0651,502,Current,USD,78629.65,0.67,Inactive,2018-07-07
652,ACC-0652,44,Investment,NGN,356424.42,11.49,Active,2023-05-06
653,ACC-0653,435,Savings,CAD,18370.65,2.45,Active,2017-05-23
654,ACC-0654,491,Loan,GBP,-186629.86,6.89,Active,2023-05-26
655,ACC-0655,519,Loan,USD,-118805.56,8.33,Active,2019-11-14
656,ACC-0656,246,Loan,NGN,-36686.94,6.15,Inactive,2023-01-14
657,ACC-0657,699,Fixed Deposit,NGN,70198.14,4.04,Active,2022-09-08
658,ACC-0658,437,Current,NGN,84835.67,0.28,Active,2016-06-07
659,ACC-0659,212,Investment,AUD,490645.43,11.93,Inactive,2019-01-02
660,ACC-0660,34,Savings,GBP,37200.3,1.55,Active,2019-08-06
661,ACC-0661,677,Investment,USD,211944.92,11.45,Active,2018-06-07
662,ACC-0662,781,Fixed Deposit,GBP,39339.73,5.14,Active,2022-06-27
663,ACC-0663,626,Current,AUD,41518.26,0.88,Active,2015-12-15
664,ACC-0664,484,Loan,NGN,-133775.0,6.57,Frozen,2021-03-09
665,ACC-0665,427,Current,USD,47939.35,0.36,Active,2018-12-18
666,ACC-0666,232,Investment,USD,20798.69,3.35,Active,2021-02-08
667,ACC-0667,305,Savings,USD,15638.33,2.48,Active,2018-01-19
668,ACC-0668,561,Investment,USD,71281.23,9.47,Closed,2021-11-28
669,ACC-0669,613,Fixed Deposit,CAD,76245.03,5.51,Closed,2019-10-14
670,ACC-0670,461,Savings,USD,7879.76,3.01,Frozen,2023-12-13
671,ACC-0671,174,Current,NGN,40272.28,0.94,Active,2022-10-20
672,ACC-0672,5,Fixed Deposit,USD,105543.02,4.51,Closed,2022-05-10
673,ACC-0673,700,Current,CAD,99759.15,0.74,Active,2019-04-28
674,ACC-0674,533,Credit Card,NGN,-14143.33,15.27,Active,2020-08-17
675,ACC-0675,83,Investment,USD,421480.09,11.17,Inactive,2023-03-11
676,ACC-0676,91,Fixed Deposit,GBP,13372.4,6.38,Inactive,2015-01-01
677,ACC-0677,370,Credit Card,USD,-2372.18,19.14,Active,2019-03-07
678,ACC-0678,92,Loan,USD,-194470.24,16.37,Inactive,2021-03-10
679,ACC-0679,199,Fixed Deposit,USD,143726.68,5.14,Active,2023-09-06
680,ACC-0680,109,Fixed Deposit,CAD,187099.99,4.16,Active,2015-09-07
681,ACC-0681,2,Loan,USD,-54654.69,8.17,Active,2017-03-28
682,ACC-0682,46,Fixed Deposit,AUD,114815.81,7.29,Inactive,2017-05-28
683,ACC-0683,357,Savings,NGN,23359.85,3.75,Closed,2021-06-18
684,ACC-0684,368,Savings,NGN,41991.28,2.22,Active,2020-10-14
685,ACC-0685,162,Current,GBP,70456.32,0.57,Active,2023-06-02
686,ACC-0686,791,Loan,EUR,-11539.03,7.51,Active,2023-06-10
687,ACC-0687,166,Credit Card,USD,-1442.51,20.12,Active,2019-01-16
688,ACC-0688,281,Current,GBP,28177.45,0.27,Active,2021-06-18
689,ACC-0689,565,Credit Card,CAD,-8659.97,17.27,Active,2016-05-24
690,ACC-0690,322,Savings,NGN,4025.64,4.88,Active,2016-03-26
691,ACC-0691,759,Credit Card,GBP,-913.24,21.48,Active,2015-02-06
692,ACC-0692,129,Savings,EUR,16680.6,3.53,Active,2017-06-20
693,ACC-0693,553,Savings,NGN,7397.2,1.93,Active,2023-07-02
694,ACC-0694,64,Savings,GBP,33884.73,4.02,Active,2023-12-15
695,ACC-0695,410,Credit Card,AUD,-641.3,15.95,Active,2016-10-01
696,ACC-0696,720,Loan,CAD,-57659.85,12.01,Active,2019-11-07
697,ACC-0697,424,Credit Card,USD,-9332.62,18.79,Active,2021-03-12
698,ACC-0698,474,Investment,NGN,124479.89,9.12,Inactive,2021-07-24
699,ACC-0699,634,Savings,NGN,42069.52,2.8,Active,2020-10-10
700,ACC-0700,479,Loan,EUR,-159385.89,11.02,Closed,2019-09-27
701,ACC-0701,150,Investment,GBP,320832.03,3.5,Active,2023-09-07
702,ACC-0702,475,Savings,EUR,42306.25,4.91,Inactive,2021-08-27
703,ACC-0703,119,Investment,AUD,461507.17,6.46,Active,2018-01-14
704,ACC-0704,110,Current,NGN,7483.25,0.96,Closed,2019-03-10
705,ACC-0705,267,Credit Card,GBP,-12105.69,20.74,Active,2018-11-13
706,ACC-0706,637,Loan,USD,-144540.54,11.25,Active,2016-04-02
707,ACC-0707,393,Credit Card,NGN,-3690.4,19.7,Active,2015-03-17
708,ACC-0708,759,Savings,NGN,11835.81,2.65,Closed,2022-08-01
709,ACC-0709,449,Fixed Deposit,GBP,195808.96,5.65,Active,2023-01-26
710,ACC-0710,644,Current,GBP,30910.35,0.93,Active,2021-06-10
711,ACC-0711,48,Investment,USD,154451.03,7.9,Active,2021-02-19
712,ACC-0712,415,Fixed Deposit,EUR,13511.75,4.81,Active,2018-03-18
713,ACC-0713,745,Investment,AUD,180559.14,3.6,Inactive,2023-07-05
714,ACC-0714,185,Current,USD,23835.7,0.39,Frozen,2019-06-15
715,ACC-0715,403,Loan,EUR,-140702.3,8.68,Active,2015-10-04
716,ACC-0716,797,Investment,NGN,11108.7,11.03,Active,2019-08-22
717,ACC-0717,403,Current,USD,76365.41,0.17,Active,2017-10-26
718,ACC-0718,176,Investment,NGN,312967.62,5.91,Active,2023-11-24
719,ACC-0719,506,Credit Card,CAD,-3684.65,23.74,Active,2022-12-13
720,ACC-0720,444,Savings,NGN,31223.81,3.42,Active,2015-08-25
721,ACC-0721,571,Loan,NGN,-17133.25,17.9,Active,2023-08-15
722,ACC-0722,419,Current,GBP,11367.06,0.2,Active,2015-12-11
723,ACC-0723,125,Credit Card,NGN,-9854.22,21.77,Active,2017-10-28
724,ACC-0724,416,Loan,CAD,-183661.98,11.22,Active,2021-04-16
725,ACC-0725,74,Loan,NGN,-175240.92,17.91,Active,2022-12-25
726,ACC-0726,734,Credit Card,NGN,-9606.26,19.13,Active,2020-12-07
727,ACC-0727,634,Loan,GBP,-62991.59,10.76,Active,2021-05-13
728,ACC-0728,570,Savings,CAD,358.6,3.96,Inactive,2015-04-20
729,ACC-0729,64,Loan,USD,-164572.63,15.65,Active,2018-06-01
730,ACC-0730,333,Savings,USD,7162.29,3.5,Active,2021-04-13
731,ACC-0731,716,Current,USD,65932.7,0.69,Active,2015-01-04
732,ACC-0732,707,Investment,CAD,320792.65,8.91,Closed,2015-03-21
733,ACC-0733,121,Credit Card,USD,-3030.29,18.86,Active,2017-05-13
734,ACC-0734,329,Current,GBP,24257.74,0.34,Active,2023-06-24
735,ACC-0735,658,Current,USD,43669.0,0.24,Active,2017-11-08
736,ACC-0736,72,Savings,NGN,9997.03,4.73,Active,2017-12-11
737,ACC-0737,389,Savings,EUR,4823.16,3.09,Active,2015-01-09
738,ACC-0738,276,Credit Card,USD,-2487.5,21.12,Active,2018-02-26
739,ACC-0739,650,Current,USD,44354.28,0.12,Active,2019-01-14
740,ACC-0740,496,Investment,NGN,411781.17,10.75,Active,2019-08-20
741,ACC-0741,600,Fixed Deposit,NGN,93596.02,8.24,Active,2016-07-24
742,ACC-0742,686,Investment,USD,340114.13,3.61,Active,2019-06-27
743,ACC-0743,314,Fixed Deposit,USD,78721.5,6.45,Closed,2017-06-15
744,ACC-0744,62,Savings,USD,7738.38,3.84,Closed,2023-04-26
745,ACC-0745,662,Current,USD,70193.81,0.35,Active,2018-04-13
746,ACC-0746,257,Investment,EUR,329962.68,7.92,Active,2015-10-20
747,ACC-0747,701,Current,NGN,83549.51,0.28,Active,2018-09-03
748,ACC-0748,763,Loan,USD,-146205.4,7.37,Active,2021-11-04
749,ACC-0749,10,Loan,EUR,-165307.87,11.45,Active,2022-04-17
750,ACC-0750,359,Investment,NGN,173739.85,7.44,Active,2019-11-17
751,ACC-0751,661,Credit Card,NGN,-3623.47,22.38,Active,2021-01-26
752,ACC-0752,91,Credit Card,EUR,-12793.66,16.88,Active,2016-03-16
753,ACC-0753,132,Investment,GBP,332286.58,3.91,Active,2020-02-01
754,ACC-0754,754,Loan,NGN,-6016.96,8.14,Active,2017-02-21
755,ACC-0755,51,Credit Card,NGN,-7015.0,15.79,Active,2019-01-21
756,ACC-0756,332,Current,NGN,54603.79,0.38,Active,2015-10-09
757,ACC-0757,462,Savings,GBP,47045.38,4.99,Active,2023-09-18
758,ACC-0758,385,Loan,NGN,-67579.04,14.38,Active,2021-08-27
759,ACC-0759,270,Savings,NGN,4991.17,3.45,Closed,2018-11-10
760,ACC-0760,85,Investment,NGN,402334.8,5.4,Active,2021-03-16
761,ACC-0761,159,Savings,USD,16098.88,2.24,Active,2019-04-01
762,ACC-0762,33,Savings,NGN,7982.99,1.74,Active,2018-11-12
763,ACC-0763,329,Loan,NGN,-26828.72,11.73,Active,2023-11-09
764,ACC-0764,399,Loan,USD,-24265.29,10.8,Active,2016-11-05
765,ACC-0765,352,Current,EUR,41661.69,0.35,Active,2020-03-26
766,ACC-0766,176,Fixed Deposit,AUD,161752.49,6.71,Active,2022-03-17
767,ACC-0767,619,Current,GBP,28470.21,0.83,Active,2018-11-08
768,ACC-0768,448,Credit Card,NGN,-9826.15,17.65,Active,2017-08-22
769,ACC-0769,678,Investment,NGN,180833.46,6.03,Active,2015-04-14
770,ACC-0770,650,Credit Card,USD,-14625.48,18.87,Active,2019-03-16
771,ACC-0771,129,Credit Card,NGN,-380.92,16.25,Active,2023-06-03
772,ACC-0772,279,Fixed Deposit,GBP,60728.79,6.37,Active,2023-10-28
773,ACC-0773,156,Investment,USD,387361.18,6.27,Active,2022-01-23
774,ACC-0774,544,Savings,AUD,13730.59,4.46,Closed,2022-10-03
775,ACC-0775,545,Loan,NGN,-154937.46,10.1,Active,2019-01-12
776,ACC-0776,442,Savings,NGN,47120.0,2.38,Active,2021-09-12
777,ACC-0777,653,Fixed Deposit,NGN,76414.28,5.18,Inactive,2020-07-03
778,ACC-0778,736,Investment,USD,274878.49,8.4,Inactive,2017-12-12
779,ACC-0779,666,Fixed Deposit,NGN,149440.22,6.94,Active,2016-12-21
780,ACC-0780,484,Loan,NGN,-70106.32,7.74,Active,2019-03-10
781,ACC-0781,443,Current,CAD,93369.18,0.96,Active,2016-10-24
782,ACC-0782,612,Current,NGN,56857.23,0.46,Active,2015-02-26
783,ACC-0783,450,Credit Card,NGN,-8522.82,20.01,Active,2017-12-25
784,ACC-0784,323,Current,NGN,78981.54,0.24,Active,2020-05-27
785,ACC-0785,490,Savings,EUR,6173.07,3.77,Active,2017-11-03
786,ACC-0786,91,Investment,USD,358612.88,9.15,Active,2015-04-28
787,ACC-0787,427,Fixed Deposit,NGN,146424.36,5.09,Active,2022-02-05
788,ACC-0788,600,Current,USD,38639.66,0.28,Active,2015-06-24
789,ACC-0789,143,Savings,USD,11556.81,2.35,Closed,2023-05-23
790,ACC-0790,351,Loan,CAD,-65488.35,7.26,Active,2018-11-23
791,ACC-0791,84,Savings,USD,26870.19,4.84,Active,2020-04-16
792,ACC-0792,183,Loan,NGN,-9138.15,16.6,Active,2017-03-24
793,ACC-0793,147,Fixed Deposit,USD,34247.27,6.34,Active,2015-11-09
794,ACC-0794,604,Investment,USD,221091.52,9.8,Active,2016-06-11
795,ACC-0795,352,Investment,GBP,385017.77,3.97,Active,2021-05-11
796,ACC-0796,570,Credit Card,EUR,-3619.07,20.41,Inactive,2015-01-21
797,ACC-0797,366,Savings,NGN,36126.01,4.03,Active,2019-04-01
798,ACC-0798,532,Current,NGN,36472.02,0.82,Active,2015-05-09
799,ACC-0799,179,Savings,AUD,20329.02,3.14,Active,2020-04-13
800,ACC-0800,512,Fixed Deposit,NGN,17151.55,8.45,Active,2015-11-21
801,ACC-0801,388,Loan,USD,-110867.07,14.62,Active,2022-02-04
802,ACC-0802,382,Investment,USD,76272.2,8.17,Closed,2021-11-06
803,ACC-0803,166,Investment,NGN,139548.21,4.1,Active,2017-06-07
804,ACC-0804,461,Loan,NGN,-111766.09,9.23,Inactive,2016-06-12
805,ACC-0805,746,Current,NGN,40727.69,0.68,Active,2022-05-12
806,ACC-0806,308,Loan,GBP,-39831.2,6.99,Active,2019-05-22
807,ACC-0807,236,Fixed Deposit,USD,86531.26,6.27,Active,2020-03-20
808,ACC-0808,50,Loan,USD,-59757.06,17.96,Inactive,2022-01-06
809,ACC-0809,785,Credit Card,GBP,-3786.66,21.14,Active,2015-08-10
810,ACC-0810,508,Loan,NGN,-119706.5,17.89,Active,2022-04-13
811,ACC-0811,280,Fixed Deposit,NGN,90004.16,7.32,Inactive,2020-03-02
812,ACC-0812,288,Fixed Deposit,NGN,47045.82,6.65,Inactive,2019-07-25
813,ACC-0813,33,Loan,EUR,-185570.85,7.83,Active,2023-07-07
814,ACC-0814,480,Credit Card,CAD,-4416.63,22.06,Frozen,2017-02-14
815,ACC-0815,39,Current,NGN,82073.92,0.89,Inactive,2015-05-23
816,ACC-0816,508,Loan,NGN,-179904.3,13.83,Active,2017-06-14
817,ACC-0817,463,Investment,USD,118698.4,11.65,Active,2017-02-12
818,ACC-0818,12,Fixed Deposit,NGN,71929.24,4.57,Active,2020-09-08
819,ACC-0819,785,Savings,NGN,42807.04,3.74,Closed,2018-08-04
820,ACC-0820,401,Credit Card,USD,-7385.68,17.1,Active,2023-08-24
821,ACC-0821,154,Investment,GBP,99440.6,5.28,Active,2022-09-10
822,ACC-0822,130,Savings,NGN,20852.5,3.38,Active,2019-04-28
823,ACC-0823,486,Loan,USD,-78359.61,15.81,Active,2018-07-14
824,ACC-0824,506,Credit Card,EUR,-7264.5,22.39,Active,2020-10-22
825,ACC-0825,597,Savings,USD,15941.18,1.59,Active,2023-01-07
826,ACC-0826,684,Fixed Deposit,EUR,80802.18,7.79,Active,2023-01-09
827,ACC-0827,243,Fixed Deposit,NGN,20903.31,7.62,Active,2018-04-09
828,ACC-0828,361,Investment,GBP,366856.1,10.81,Inactive,2018-05-22
829,ACC-0829,545,Current,USD,89510.34,0.28,Active,2017-12-11
830,ACC-0830,441,Savings,USD,28887.79,1.83,Active,2015-05-10
831,ACC-0831,641,Fixed Deposit,NGN,161609.73,6.39,Active,2022-07-17
832,ACC-0832,622,Savings,NGN,24867.93,4.24,Active,2021-01-15
833,ACC-0833,744,Fixed Deposit,AUD,197554.38,6.99,Frozen,2018-03-01
834,ACC-0834,180,Savings,USD,4387.53,2.13,Closed,2018-12-04
835,ACC-0835,795,Fixed Deposit,CAD,94182.08,6.81,Inactive,2020-10-23
836,ACC-0836,461,Investment,NGN,406955.68,10.25,Active,2015-05-01
837,ACC-0837,449,Investment,AUD,73849.5,11.19,Active,2020-09-11
838,ACC-0838,279,Investment,USD,202419.46,5.23,Active,2022-02-21
839,ACC-0839,87,Investment,AUD,463328.34,4.08,Active,2018-09-22
840,ACC-0840,555,Fixed Deposit,GBP,41306.79,5.58,Active,2019-11-01
841,ACC-0841,319,Loan,USD,-6907.18,11.73,Inactive,2023-12-26
842,ACC-0842,422,Credit Card,USD,-6253.74,16.45,Active,2020-12-07
843,ACC-0843,609,Investment,NGN,2381.58,6.52,Active,2015-12-25
844,ACC-0844,161,Fixed Deposit,USD,66075.98,8.68,Active,2022-03-02
845,ACC-0845,752,Fixed Deposit,USD,159585.99,6.56,Active,2022-01-02
846,ACC-0846,220,Current,USD,11029.89,0.25,Inactive,2016-08-26
847,ACC-0847,38,Loan,CAD,-185325.29,12.78,Active,2019-07-05
848,ACC-0848,145,Credit Card,USD,-12208.97,23.35,Active,2016-07-10
849,ACC-0849,61,Credit Card,NGN,-7932.11,22.8,Active,2019-08-19
850,ACC-0850,537,Fixed Deposit,GBP,42234.48,8.87,Frozen,2019-03-08
851,ACC-0851,713,Investment,USD,443781.11,8.85,Active,2023-07-19
852,ACC-0852,751,Current,USD,33005.28,0.83,Active,2020-04-02
853,ACC-0853,301,Loan,USD,-12556.15,9.6,Active,2023-05-18
854,ACC-0854,314,Current,EUR,58492.12,0.56,Active,2022-12-09
855,ACC-0855,151,Credit Card,GBP,-10580.31,17.05,Active,2016-08-17
856,ACC-0856,750,Fixed Deposit,GBP,120394.38,4.71,Active,2017-11-28
857,ACC-0857,113,Fixed Deposit,USD,142269.58,7.1,Active,2023-06-11
858,ACC-0858,675,Loan,NGN,-33861.65,15.57,Active,2023-10-23
859,ACC-0859,404,Investment,GBP,404898.35,6.54,Closed,2023-10-15
860,ACC-0860,211,Current,GBP,60547.08,0.34,Closed,2018-11-23
861,ACC-0861,439,Credit Card,CAD,-5172.27,17.74,Inactive,2023-12-15
862,ACC-0862,430,Investment,NGN,167153.99,9.91,Closed,2022-05-01
863,ACC-0863,638,Loan,USD,-23646.44,11.82,Active,2023-08-09
864,ACC-0864,356,Investment,GBP,320345.14,4.93,Inactive,2015-03-20
865,ACC-0865,571,Credit Card,USD,-1309.47,21.71,Active,2023-12-09
866,ACC-0866,46,Investment,NGN,157348.8,9.21,Active,2020-08-12
867,ACC-0867,177,Current,USD,16727.16,0.66,Active,2022-11-08
868,ACC-0868,717,Credit Card,NGN,-3248.46,20.83,Active,2021-12-07
869,ACC-0869,82,Investment,NGN,101467.7,5.28,Active,2021-01-16
870,ACC-0870,461,Loan,CAD,-99418.06,11.62,Active,2021-11-24
871,ACC-0871,525,Loan,NGN,-11939.28,13.52,Active,2021-12-19
872,ACC-0872,11,Credit Card,NGN,-1667.74,23.51,Active,2018-12-05
873,ACC-0873,91,Current,CAD,47647.69,0.81,Active,2018-06-21
874,ACC-0874,768,Investment,GBP,358832.5,3.78,Active,2020-11-15
875,ACC-0875,16,Savings,USD,6850.74,4.48,Closed,2017-06-22
876,ACC-0876,11,Current,USD,54500.78,0.26,Active,2023-07-25
877,ACC-0877,141,Savings,GBP,40844.94,2.81,Active,2022-09-04
878,ACC-0878,168,Investment,CAD,153463.92,3.15,Active,2022-06-23
879,ACC-0879,360,Investment,USD,330385.75,11.03,Active,2015-08-28
880,ACC-0880,403,Fixed Deposit,CAD,184684.61,4.4,Frozen,2019-09-21
881,ACC-0881,441,Investment,GBP,36738.62,4.33,Active,2019-12-22
882,ACC-0882,392,Savings,CAD,3982.44,4.7,Active,2021-09-04
883,ACC-0883,482,Fixed Deposit,NGN,109206.08,7.76,Inactive,2016-04-11
884,ACC-0884,355,Savings,NGN,11719.95,3.4,Active,2022-12-14
885,ACC-0885,652,Current,CAD,71153.57,0.71,Active,2015-07-15
886,ACC-0886,355,Fixed Deposit,USD,143429.93,8.48,Closed,2019-06-07
887,ACC-0887,230,Credit Card,CAD,-11801.34,15.4,Active,2021-11-12
888,ACC-0888,587,Current,USD,68556.53,0.6,Active,2019-10-27
889,ACC-0889,231,Fixed Deposit,GBP,64623.62,7.39,Active,2020-06-25
890,ACC-0890,780,Investment,CAD,186152.42,11.28,Active,2016-11-23
891,ACC-0891,498,Investment,CAD,450733.52,6.89,Active,2020-03-18
892,ACC-0892,336,Current,EUR,23784.94,0.89,Active,2016-01-11
893,ACC-0893,35,Fixed Deposit,NGN,67196.37,8.79,Active,2015-08-22
894,ACC-0894,23,Fixed Deposit,NGN,85560.83,5.71,Active,2021-11-17
895,ACC-0895,564,Loan,CAD,-195119.2,7.81,Active,2023-07-10
896,ACC-0896,112,Fixed Deposit,USD,149440.94,8.97,Active,2019-02-14
897,ACC-0897,30,Savings,GBP,7140.23,1.56,Active,2023-11-11
898,ACC-0898,311,Current,USD,25381.23,0.24,Active,2015-10-13
899,ACC-0899,637,Loan,EUR,-174581.14,10.09,Active,2015-06-12
900,ACC-0900,214,Savings,NGN,11926.08,3.47,Active,2016-01-03
901,ACC-0901,560,Loan,EUR,-39129.97,15.6,Active,2022-05-14
902,ACC-0902,660,Fixed Deposit,NGN,155710.16,7.48,Active,2019-10-06
903,ACC-0903,182,Credit Card,EUR,-13337.44,20.74,Active,2018-12-23
904,ACC-0904,431,Fixed Deposit,USD,197575.0,5.83,Active,2018-02-18
905,ACC-0905,499,Investment,NGN,351945.49,3.18,Active,2018-10-11
906,ACC-0906,622,Investment,USD,428053.31,7.1,Active,2015-04-26
907,ACC-0907,197,Investment,USD,182212.38,11.64,Closed,2022-10-04
908,ACC-0908,577,Credit Card,USD,-5474.32,24.31,Active,2016-10-23
909,ACC-0909,85,Credit Card,NGN,-12065.71,24.51,Inactive,2023-09-23
910,ACC-0910,604,Credit Card,USD,-7377.31,23.65,Frozen,2022-03-27
911,ACC-0911,333,Current,CAD,31338.07,0.26,Inactive,2023-01-11
912,ACC-0912,731,Fixed Deposit,NGN,104388.05,7.28,Active,2016-12-24
913,ACC-0913,340,Current,NGN,34867.82,0.98,Active,2019-04-10
914,ACC-0914,789,Loan,EUR,-152594.54,17.68,Inactive,2021-01-04
915,ACC-0915,569,Current,GBP,66134.2,0.39,Closed,2015-06-20
916,ACC-0916,604,Loan,USD,-115204.31,11.01,Inactive,2019-06-16
917,ACC-0917,517,Credit Card,USD,-13315.41,15.95,Active,2020-07-04
918,ACC-0918,461,Savings,CAD,43122.36,3.32,Closed,2015-05-16
919,ACC-0919,430,Savings,NGN,784.45,2.91,Active,2019-09-26
920,ACC-0920,192,Loan,CAD,-33515.77,16.58,Active,2015-08-14
921,ACC-0921,272,Current,EUR,98576.33,0.82,Frozen,2022-11-14
922,ACC-0922,196,Current,NGN,80927.67,0.8,Active,2023-02-09
923,ACC-0923,285,Loan,USD,-20090.41,6.39,Active,2015-12-26
924,ACC-0924,426,Current,AUD,62020.9,0.94,Active,2020-05-03
925,ACC-0925,382,Investment,USD,328310.04,3.54,Active,2020-03-23
926,ACC-0926,324,Current,USD,57663.59,0.52,Active,2015-12-11
927,ACC-0927,288,Loan,NGN,-30236.42,12.43,Active,2019-07-10
928,ACC-0928,56,Loan,GBP,-191484.43,9.95,Active,2019-06-08
929,ACC-0929,76,Investment,EUR,68012.25,8.21,Active,2021-10-26
930,ACC-0930,124,Credit Card,GBP,-2381.38,23.52,Active,2022-10-18
931,ACC-0931,184,Loan,NGN,-140628.33,5.01,Active,2019-07-20
932,ACC-0932,167,Current,CAD,68983.94,0.96,Active,2021-09-13
933,ACC-0933,104,Current,CAD,22190.94,0.66,Inactive,2023-10-05
934,ACC-0934,611,Investment,CAD,366158.85,9.31,Active,2020-01-02
935,ACC-0935,132,Credit Card,NGN,-6350.11,19.53,Active,2019-05-08
936,ACC-0936,265,Credit Card,NGN,-11214.68,15.07,Active,2020-05-03
937,ACC-0937,593,Investment,USD,497282.38,6.74,Inactive,2016-10-09
938,ACC-0938,109,Investment,CAD,189156.94,6.28,Active,2018-01-22
939,ACC-0939,615,Current,CAD,96852.47,0.3,Active,2018-02-25
940,ACC-0940,687,Current,GBP,48451.58,0.48,Active,2022-02-10
941,ACC-0941,389,Current,GBP,12278.06,0.2,Active,2019-06-20
942,ACC-0942,203,Savings,NGN,3314.77,2.37,Active,2023-05-06
943,ACC-0943,519,Fixed Deposit,USD,93302.64,4.02,Active,2015-11-20
944,ACC-0944,717,Credit Card,EUR,-8377.94,17.05,Active,2021-09-11
945,ACC-0945,440,Current,NGN,47989.98,0.28,Active,2019-06-10
946,ACC-0946,567,Investment,USD,167169.64,8.73,Frozen,2015-05-10
947,ACC-0947,405,Current,USD,1257.98,0.67,Active,2015-11-01
948,ACC-0948,786,Fixed Deposit,EUR,198993.98,6.79,Active,2019-06-07
949,ACC-0949,37,Loan,NGN,-54835.22,8.45,Active,2019-05-13
950,ACC-0950,511,Credit Card,USD,-12663.48,24.02,Active,2022-01-22
951,ACC-0951,751,Credit Card,NGN,-1049.31,22.38,Inactive,2015-04-05
952,ACC-0952,635,Current,EUR,57442.19,0.62,Active,2021-11-19
953,ACC-0953,286,Investment,NGN,170099.81,9.37,Closed,2017-01-16
954,ACC-0954,117,Credit Card,USD,-3080.75,23.04,Active,2017-10-14
955,ACC-0955,31,Investment,USD,442081.47,3.78,Frozen,2016-02-24
956,ACC-0956,221,Credit Card,USD,-7226.52,15.97,Active,2015-09-10
957,ACC-0957,315,Loan,NGN,-98724.96,9.31,Active,2023-06-21
958,ACC-0958,795,Credit Card,USD,-6772.63,22.56,Active,2015-05-01
959,ACC-0959,149,Current,CAD,49022.79,0.91,Closed,2015-01-26
960,ACC-0960,403,Investment,USD,494284.82,8.38,Inactive,2017-08-10
961,ACC-0961,402,Credit Card,USD,-2196.85,19.12,Inactive,2017-02-26
962,ACC-0962,466,Savings,EUR,24830.93,1.66,Active,2018-01-08
963,ACC-0963,543,Savings,CAD,24978.84,3.29,Active,2016-06-03
964,ACC-0964,48,Investment,NGN,60534.53,10.11,Frozen,2016-01-19
965,ACC-0965,35,Credit Card,CAD,-10353.47,20.39,Active,2018-12-05
966,ACC-0966,358,Investment,USD,197471.24,5.06,Active,2015-11-17
967,ACC-0967,415,Savings,USD,11473.91,1.51,Active,2018-07-11
968,ACC-0968,608,Current,GBP,15439.11,0.16,Active,2021-09-21
969,ACC-0969,77,Current,NGN,65623.12,0.92,Frozen,2015-11-17
970,ACC-0970,190,Credit Card,GBP,-7889.18,15.31,Inactive,2020-10-03
971,ACC-0971,127,Fixed Deposit,GBP,146585.27,6.84,Active,2022-06-23
972,ACC-0972,217,Fixed Deposit,NGN,16112.68,5.95,Active,2020-03-25
973,ACC-0973,426,Loan,CAD,-168782.13,5.5,Active,2019-09-23
974,ACC-0974,455,Credit Card,GBP,-10478.69,24.84,Active,2022-05-11
975,ACC-0975,527,Current,NGN,67152.27,0.48,Active,2021-09-03
976,ACC-0976,537,Credit Card,AUD,-2033.9,17.13,Closed,2021-02-23
977,ACC-0977,571,Fixed Deposit,EUR,63613.71,4.5,Active,2023-12-18
978,ACC-0978,105,Loan,NGN,-117599.93,9.74,Active,2020-05-14
979,ACC-0979,172,Fixed Deposit,NGN,109779.03,6.61,Closed,2015-12-06
980,ACC-0980,16,Investment,GBP,263125.42,9.63,Active,2020-05-10
981,ACC-0981,28,Savings,CAD,13893.76,1.89,Active,2021-07-28
982,ACC-0982,289,Savings,USD,26499.37,1.59,Active,2020-06-20
983,ACC-0983,209,Loan,USD,-64862.72,17.27,Active,2023-06-15
984,ACC-0984,798,Savings,GBP,45455.56,4.74,Active,2019-06-14
985,ACC-0985,305,Credit Card,NGN,-6472.86,21.7,Closed,2019-06-23
986,ACC-0986,163,Loan,NGN,-56786.2,6.21,Inactive,2017-01-08
987,ACC-0987,186,Savings,USD,843.96,4.89,Closed,2022-12-04
988,ACC-0988,747,Current,USD,74590.29,0.7,Inactive,2021-07-10
989,ACC-0989,480,Investment,EUR,245170.84,8.94,Active,2021-07-17
990,ACC-0990,674,Current,USD,55705.12,0.59,Active,2019-07-01
991,ACC-0991,24,Current,USD,19490.51,0.75,Active,2019-02-04
992,ACC-0992,636,Credit Card,EUR,-14740.88,24.77,Closed,2022-12-13
993,ACC-0993,141,Fixed Deposit,GBP,42879.49,7.26,Inactive,2017-06-12
994,ACC-0994,390,Investment,CAD,359844.61,7.29,Inactive,2015-10-06
995,ACC-0995,597,Current,NGN,88670.63,0.71,Active,2021-03-07
996,ACC-0996,395,Savings,NGN,14678.58,3.42,Active,2015-10-03
997,ACC-0997,97,Credit Card,USD,-3486.06,24.95,Inactive,2016-04-18
998,ACC-0998,226,Investment,USD,54276.99,6.23,Active,2023-03-09
999,ACC-0999,451,Fixed Deposit,AUD,147748.04,7.89,Active,2020-11-01
1000,ACC-1000,408,Credit Card,GBP,-14863.09,15.94,Active,2019-02-06
